score,comentario,opinion
1,Cliente y con inter√©s en 9.99,Opini√≥n sobre Pr√©stamo Naranja ING
5,"Lentos pero seguros, hemos podido firmar en dos meses y las condiciones eran las prometidas. Calificar√≠a mi experiencia de muy buena.",Opini√≥n sobre Hipoteca Naranja Variable
3,"Hace muchos a√±os que soy cliente, y hasta este a√±o no habia tenido ning√∫n problema. Cuando quise abrir otra cuenta con mi padre, fue una pesadilla, empezamos en diciembre, perdieron la documentaci√≥n y no lo conseguimos hasta febrero. Desgraciadamente en Marzo mi padre falleci√≥ y empez√≥ la pesadilla con la gestora de testamentar√≠a. He tenido la gran suerte de contactar con la **** de atenci√≥n al cliente y su trato y trabajo ha sido como un milagro y lo ha solucionado. Gracias ****",Opini√≥n sobre ING
1,"No recomendar√≠a este banco por nada del mundo. Cuando todo va bien estupendo pero cuando surge un problema, dejan al cliente en la estacada. No dan la cara en principio y cuando lo hacen se lavan las manos de tu problema. Me ha faltado su apoyo y un trato m√°s personal.",Opini√≥n sobre Cuenta N√ìMINA
1,La atenci√≥n de ING en **** es lamentable. Solo hay un cajero para ingresar y est√° estropeado cada vez que voy a utilizarlo. No te dan soluciones ni ponen remedio a la desatenci√≥n. No recomiendo ING. Yo me cambiar√© de Banco.,Opini√≥n sobre ING
4,Me encanta este banco! Llevo con ellos desde 2015 y genial no cobran comisiones por nada son muy atentos al tel√©fono y me qued√© en el paro por el covid y rescat√© mi plan de pensiones y sin problemas y todo on line! Seguir√© con ellos yo creo que de por vida y lo recomiendo siempre! Cuando he tenido problemas siempre me han respondido y ahora ya vuelvo a trabajar gracias a Dios as√≠ que feliz de volver a tener mi n√≥mina en este magn√≠fico banco. Gracias ING!!!!,Opini√≥n sobre ING
1,"Yo ya no s√© como explicarlo. Mi t√≠a falleci√≥ en el 2016 Llevamos todos estos a√±os intentanto cerrar una cuenta naranja y cobrar la herencia y no hay manera. Los otros dos bancos nos la pagaron a los dos a√±os. Estamos todav√≠a en tr√°mites. Nos piden un documento hoy, ma√±ana otro y en la siguiente otro. Personalmente pienso que no tienen intenci√≥n de darnos lo que es nuestro. Ni se me ocurr√≠a abrir otra cuenta con esta instituci√≥n, ni recomendarla. Ya no se trata de un mal servicio.....",Opini√≥n sobre ING
4,Rapido y facil.,Opini√≥n sobre Hipoteca Naranja Variable
1,"no lo recomiendo si tienes problemas da igual lo que hables con ellos, sus abogados te persiguen y **** si les mandas un correo interno para tener pruebas, no contestan y no queda constancia del escrito la peor experiencia de mi vida",Opini√≥n sobre ING
5,"Hasta ahora el servicio perfecto y ningun tipo de problema, la verdad que encantado con todo, sal√≠ huyendo del santander y contento con el funcionamiento de ING.",Opini√≥n sobre ING
1,"todo ****. jamas lo recomendaria para clientes pobres. desatencion, y pasividad. problemas continuos. nunca soluciones y alternativas. problemas y gastos.",Opini√≥n sobre ING
1,"Hoy e recibido corre de ing diciendome que no puedo rescatar el plan de pensiones por un embargo llamo atencion al cliente y lo unico que saben decirme que hay un embargo no me dicen de donde es que valla al juzgado y pida informacion a, que juzgado tengo que ir para, poder reclamar no saben nada lo unico que hay un embargo e hablado con la abogada y mama√±ana toca denuncia en el juzgado no recomiendo este banco a nadie",Opini√≥n sobre ING
1,"Publicidad enga√±osa, el TAE lo han subido 4 puntos por la cara de un mes a otro.",Opini√≥n sobre Pr√©stamo Naranja ING
1,"ING ERA un gran banco... Pero desde hace meses, web colgando cada 2 por 3, asesoramiento hipotecario inexistente, servicio al cliente imposible de contactar, ... Adios ING...",Opini√≥n sobre ING
1,De pena formalizar una apertura de cuenta online. No lo recomiendo Servicio al cliente ok,Opini√≥n sobre ING
1,"Son una panda de **** el pasado 2 de septiembre tramite recuperacion de plan de pensiones por jubilacion y hoy 26 de septiembre no se nada y ellos no me dan ninguna explicaci√≥n simplemente que espere a la semana, que viene esta es la explicacion que me dan todas, las semanas es incre√≠ble",Opini√≥n sobre ING
1,"Un banco m√°s. Igual de **** que el resto. Aunque se pongan piel de cordero, son lobos. O mejor dicho, hienas. Tienen letra peque√±a, como todos. Y te cobran por donde pueden, y lo que pueden. De lo peor.",Opini√≥n sobre ING
1,"preparaos los que tienen embargos, vais a alucinar en colores.os dejan la cuenta en rojo y siempre a favor de la entidad, se lavan las manos comenten ilegalidades al deja 800‚Ç¨ en rojo!!!",Opini√≥n sobre ING
1,"Llevamos TRES SEMANAS para que envien la documentaci√≥n al departamento de riesgos y acabar teniendo el s√≠. Cuando no se olvidan de pedirte documentaci√≥n, se olvidan validarla, se olvidan de que por alg√∫n fallo no la dan por buena la calidad cuando comprueban que s√≠, cuando se olvidan de activarte cosas en la solicitud, cuando se olvidan de t√≠... envias mensajes al gestor a trav√©s de la p√°gina y no responde hasta varios d√≠as m√°s tarde con cualquier excusa, no devuelve llamadas... UN DESASTRE!",Opini√≥n sobre Hipoteca Naranja Variable
1,"Partiendo de la base de que cada banco hace lo que quiere con su dinero, tengo 69 a√±os y √©stos se√±ores holandeses son los √∫nicos en toda mi vida que al pedir precio de pr√©stamo, me han dicho que no doy el perfil de cliente para darme un pr√©stamo. Para mi, ellos no dan el perfil para trabajar en Espa√±a, que se vayan a Holanda, por cierto, pais gran amigo de Espa√±a, como ya sabemos.",Opini√≥n sobre ING
1,"muy mal servicio y los operadores de fuera no se enteran de nada , no saben castellano, agradezco quien me pueda decir como darme de baja",Opini√≥n sobre ING
1,"Lo del 3,99% es m√°s falso que ****. Que me contacte quien pueda conseguir eso y gana un cliente.",Opini√≥n sobre Pr√©stamo Naranja ING
1,"Son unos ****,no me concedieron la hipoteca porque segun ""la politica de la empresa"" la vivienda necesitaba reformas,aunque la tasacion era favorable y el precio de compra era muy bajo,por las reformas.Esto obviamente no te lo explican en ningun sitio.Al dia siguiente ya me estaban reclamando los gastos de tasacion en la cuenta corriente que te obligan a abrir.Me faltarian 1000 caracteres mas para acabar de explicar todas sus ****..BUSCAD OTRO BANCO,si es que hay alguno bueno.",Opini√≥n sobre Hipoteca Naranja Variable
5,"Nosotros somos clientes de ING desde hace mas de 10 a√±os y siempre hemos estado contentos con ellos, pr√©stamos con un click y en minutos en la cuenta... El d√≠a 1 de Septiembre vimos un piso que nos gustaba, lo reservamos y como ten√≠amos mas del importe que val√≠a el piso pre-concedido lo intentamos. Deciros que hoy nos han dado el OK, estamos ya en firma (firmamos en 15 d√≠as), y todo ha ido tal y como nos dijeron, es estresante el ir mirando la web cada d√≠a, pero bueno... tase por mi cuenta!",Opini√≥n sobre Hipoteca Naranja Variable
1,"Si hubiera tenido la oportunidad, no habr√≠a puesto una estrella. Mi marido y yo hab√≠amos ido a una agencia para pedir un pr√©stamo, me dijeron que era viable y me advirtieron que mi marido no era residente fiscal en Espa√±a. Me dijeron que no hab√≠a ning√∫n problema. As√≠ que pagamos las arras (11.000 euros) a los propietarios, pensando que todo estaba bien. Finalmente, el banquero me dijo que yo deb√≠a ser la √∫nica que firmara el pr√©stamo porque mi marido no es residente fiscal en Espa√±a. una broma",Opini√≥n sobre Hipoteca Naranja Variable
5,Muy contento con el cambio. Me han mandando emails para informarme de todo el proceso y la app es intuitiva y f√°cil de usar.,Opini√≥n sobre ING
5,"Todo est√∫pendo. Sigo esperando la tarjeta, pero por lo dem√°s genial.",Opini√≥n sobre Cuenta N√ìMINA
4,"Yo ten√≠a la hipoteca con ellos y la verdad que todo bien, si tardaron en d√°rmela, pero me avisaron m√°s o menos lo que tardar√≠an y bien. Pero he vendido la casa y cancele la hipoteca. Ahora vuelvo a pedir la hipoteca con ellos y la verdad que tardan m√°s de lo esperado, yo no se si de verdad est√°n teniendo problemas t√©cnicos (seg√∫n me dijeron) o ahora es un poco ca√≥tico .... Entregue toda la documentaci√≥n que me ped√≠an el 25 de agosto y sigo en estudio econ√≥mico y esperando.",Opini√≥n sobre Hipoteca Naranja Variable
1,"Muy mal,soy cliente de ING desde 2013,ahora me encuentro en una situaci√≥n de emergencia,llevo sin ingresos desde mayo,les he enviado m√°s de 10 correos para que me hagan una moratoria que es una ley del gobierno,y no solo no me contestan si no que me siguen acosando para que pague la cuota de la tarjeta de cr√©dito que debo solo un mes 34‚Ç¨ y lo pasan a una agencia de recobros que me est√°n mandando sms...vamos unos **** ,todos los bancos y cajas son igual de ****...",Opini√≥n sobre ING
1,"Un desastre, es imposible que cojan tel√©fono. No atienden. Estoy con problemas de una cuenta de persona fallecida por covid. Indignante",Opini√≥n sobre ING
1,"Tras posiblemente m√°s de 15 a√±os con este banco llevo casi 2 a√±os que es error tras error. O no funciona correctamente la web, o qu√© decir del horror de App que falla justo cuando quieres operar o hasta hacer una transferencia internacional y perder por un par de semanas mi dinero sin saber d√≥nde se encontraba sin llegar a destino. He empezado a desvincularme de este banco que cada vez es menos fiable online en los momentos en los que lo necesitas.",Opini√≥n sobre ING
4,"La apertura muy bien y el uso de la cuenta a trav√©s de la app genial. Ya puedo recibir y hacer transferencias y bizums. Falta que me llegue la tarjeta y por eso de momento no le doy las 5 estrellas, ya que el env√≠o de la tarjeta por el momento est√° siendo lento. Pero por lo dem√°s todo genial",Opini√≥n sobre Cuenta N√ìMINA
1,"Hace unos dias hice un bizum a trav√©s de la web de ING, porque la aplicaci√≥n de esta Entidad no funciona.Insert√© nombre, apellidos y cantidad a enviar a su destinatario. El caso es que al realizar el envio al tel√©fono, autom√°ticamente se deriva a un n√∫mero de cuenta.Y esta cuenta bancaria no correspond√≠a a los datos insertados del destinatario que yo indiqu√©. ING, No debe realizar la transferencia, si no coinciden los datos e indic√°rselo a su cliente, osea yo. No me ha devuelto 13 miserables e",Opini√≥n sobre ING
1,"Es cierto que no tienen comisiones, pero son lent√≠simos en aclarar cuestiones o dudas. La hipoteca la hice con ellos porque era mi banco, y cada vez que hablaba con ellos para consultar c√≥mo iba la tramitaci√≥n, me ped√≠an m√°s requisitos, y hasta que no se lo facilitaba no segu√≠an hacia delante. La suscrib√≠ el √∫ltimo d√≠a habil del a√±o para llegar a su ranking de hipotecas, despu√©s de 6 meses de tr√°mites. Por lo que no la recomiendo en absoluto.",Opini√≥n sobre ING
2,"Si es cierto que no tienen comisiones, pero no son resolutivos, muy buenas palabras pero son muy lentos y poco formales. La atenci√≥n telefonica son amables pero no resuelven nada.",Opini√≥n sobre ING
1,"Publicidad ****, como siempre en ING. En el prestamo personal, ya puedes hacer las combinaciones que quieras que siempre sale cerca del 10% de inter√©s. No se como nadie mete mano al asunto. Es inconcebible que se **** a la gente de esa manera.",Opini√≥n sobre Pr√©stamo Naranja ING
1,"tengo dos opiniones una cuando mi gestor fue ****, le doy un 10 R√°pida, resolutiva. pero con ****, una gesti√≥n muy deficiente, le comunique en julio mi contrato de Arras y no lo tramito hasta septiembre total para complicarlo todo y que me lo denegaran. lo pod√≠a haber tramitado mucho mas r√°pido y ser mas resolutivo. la verdad me he llevado una decepci√≥n con ING, y esos que me hab√≠an avisado",Opini√≥n sobre ING
1,"Lamentable , con hipoteca aceptada .Antes de la firma se echaron atras . Corriendo a buscar otro banco para no perder las arras",Opini√≥n sobre ING
1,"****, he probado montones de combinaciones... de capital a pedir, a√±os a devolver.. motivos del prestamo.. para ver si habina una sola que me bajara del 10%....IMPOSIBLE",Opini√≥n sobre Pr√©stamo Naranja ING
4,"No se si la tengo 20 o 30 a√±os, desde que que empezaron a trabajar en Espa√±a, pero en todo el tiempo que la tengo no he tenido ning√∫n problema. Es cierto que no es un banco al uso, es para operar por internet, y a todo el mundo no le gusta. En todos estos a√±os √∫nicamente he acudido a las oficinas una vez para ingresar un cheque.",Opini√≥n sobre Cuenta Sin N√≥mina
1,Profesionalidad cero. Te cuelgan cuando no le interesan continuar con la gesti√≥n.,Opini√≥n sobre Cuenta N√ìMINA
5,"Me acabo de cambiar aprovechando el plan amigo y estoy bastante contento. Despu√©s de que mi banco me haya puesto todos los impedimentos del mundo para operar online, ahora da gusto. Anda y que le **** a caixa e imagin",Opini√≥n sobre Cuenta N√ìMINA
1,"ING ha ca√≠do en picado. De ser un referente de calidad y atenci√≥n al cliente ha alcanzado niveles insoportables de falta de inter√©s, desprecio y abuso con su pol√≠tica de acceso a las cuentas a trav√©s de internet/m√≥vil. Un cliente menos",Opini√≥n sobre ING
5,"M√°s de 20 a√±os con ellos y ning√∫n problema, ha sido el banco pionero en no cobrar comisiones y en la banca online, cuando lleg√≥ muy pocos confiaban en ING y f√≠jate como son las cosas ahora todos los dem√°s bancos lo intentan imitar, entidades como caixabank que son unos **** a√∫n cobran 8‚Ç¨ por una transferencia en el mismo d√≠a de 30‚Ç¨,es para flipar.",Opini√≥n sobre ING
1,"La buena atenci√≥n que ten√≠a ING hace unos a√±os, ahora es desastrosa, dif√≠cil e in√∫til. Uno entre muchos ejemplos: Con frecuencia te cortan la llamada al cabo de unos minutos (no s√© si es sistema de ING o es el gestor) y tienes que volver a llamar y explicar todo otra vez. 45' (15' hasta que te atiendan, por la noche) para una consulta sencilla sobre transferencias a destinatarios de confianza y finalmente in√∫til, ya que las 2 gestoras dieron informaci√≥n contraria y como cortaron no pude aclarar",Opini√≥n sobre ING
1,En mi caso los fondos ing han sido un buen chasco. Ten√≠a contratado el 30/70 y me llamo el asesor a finales de marzo cuando hab√≠a perdido una parte importante de la inversi√≥n. Le hice caso y lo pas√≥ al 10/90. He estado mal asesorada y he perdido unos 10000 euros por su mal asesoramiento.,Opini√≥n sobre ING
5,"Llevamos unos a√±os con ellos y da gusto. El pr√©stamo del coche lo hicimos desde el m√≥vil y en cinco minutos ten√≠amos el dinero en cuenta. Y otros pr√©stamos que hemos pedido exactamente igual, adem√°s con unas condiciones buen√≠simas",Opini√≥n sobre ING
5,"Queremos comentarles como ha sido nuestra situacion. Realmente tuvimos muchas dudas de pedir la hipoteca en ing por todos los comentarios que hemos leido. Lo cierto que no a ver echo caso es lo mejor que hemos echo. Nosotros solicitamos la hipoteca la primera semana de agosto, en 24h ya habiamos pasado el estudio economico. En nuestro caso ya teniamos la tasaci√≥n realizada con la empresa gloval, en 5 dias ya nos habian dicho que estaba aprovada. Pasamos a los seguros y a firmar. Excelente.",Opini√≥n sobre Hipoteca Naranja Variable
1,"Servicio de informaci√≥n deplorable, al solicitar una hipoteca se me informa que el gasto de tasaci√≥n ser√° asumido por ING, salvo que la operaci√≥n no llegue a firmarse por causa no imputable a ING (de acuerdo en los t√©rminos, tengo en mente que por mi parte no voy a fallar en la tramitaci√≥n). Realizada la tasaci√≥n, en un p√°rrafo el tasador pone ""vivienda en mal estado de conservaci√≥n"". ING me deniega el prestamos, sin avisar de la denegaci√≥n ya hab√≠a dejado la cuenta en negativo -326‚Ç¨. INJUSTIA.",Opini√≥n sobre Hipoteca Naranja Variable
1,"Los intermediadores que gestionan las hipotecas son unos in√∫tiles, no dan una, no avanzan ... 2 meses y se han dado cuenta de que hab√≠a un nuevo error en la solitud ... vuelta a empezar. Por lo dem√°s no tengo queja, llevo 25 a√±os con ellos",Opini√≥n sobre ING
1,Es lo m√°s lamentable que he visto nunca. Me han intentado cobrar 500 euros por una gesti√≥n no realizada. El servicio de atenci√≥n al cliente es sencillamente DEPLORABLE. Ni media estrella,Opini√≥n sobre ING
1,Ninguna estrella. Realmente lamentable. M√°s de tres meses esperando por la gesti√≥n de una herencia sencilla y todav√≠a no han acabado el tr√°mite. Cada vez que se llama dan una respuesta diferente. Pat√©tico.,Opini√≥n sobre ING
4,"Estamos ya en el proceso de firma, casi 3 meses despu√©s de solicitar la hipoteca.Problemas para subir la documentaci√≥n, que el sistema no la v√°lida por x motivos, que falta un documento ya enviado 3 veces.... En fin, que el proceso es bastante ""ca√≥tico"" y desesperante...Pero bueno, como ya √≠bamos avisados nos lo tomamos con calma.Por lo dem√°s todo correcto, una vez todo validado ha sido rapid√≠simo, estudio, tasaci√≥n y preparaci√≥n de la frma en 2 semanas!As√≠ que en lo general muy contentos!!",Opini√≥n sobre Hipoteca Naranja Variable
1,"Totalmente desancosejable. La estrategia de **** es tras la tasaci√≥n denegar la operaci√≥n y cobrar la tasaci√≥n que suelen hacer por un valor superior al real. Les aconsejo presentar una reclamaci√≥n al Banco de Espa√±a para que no contin√∫en jugando con las necesidades y emociones de las personas. **** profesionales,sin palanca y de d√≠a.",Opini√≥n sobre Hipoteca Naranja Variable
1,"Un mes y medio mandando documentacion cada dia cuando somos cliente de ellos, explicaciones absurdas... y aun sin respuesta, desesperante....",Opini√≥n sobre Hipoteca Naranja Variable
1,"patetica gesti√≥n, patetica atenci√≥n, impresentables, cada uno que te atiende te da una respuesta diferente, tenemos una villa de alquiler vacacional y nos devuelven las transferencias por supuesto blanqueo de capitales , 3 clientes distintos, envi√© los contratos, mi renta, la escritura de la vivienda ( 2 M de euros ) y me devuelven una transferencia de 5000 euros porque proviene de una cuenta de un cliente de Luxemgurgo ... En fin, viejo dicho , mas vale malo conocido que bueno por conocer...",Opini√≥n sobre ING
1,"Que verguenza publicitar un 3,99% y luego imposible conseguir menos de 10",Opini√≥n sobre Pr√©stamo Naranja ING
4,m llamo el banco para decirme que en el cajero donde habia sacado dienro hacia 1 semana q habia habido una falla de seguridad y que me habian bloqueado mi tarjeta x seguridad y ya me habian enviado uuna nueva,Opini√≥n sobre Visa D√©bito ING
3,la he pedido y m dicen que me la daran pero q tengo q esperar a tener 2 meses d antiguedad,Opini√≥n sobre Visa Oro
1,Parece una **** de marketing. Rellenas solicitud con contrato indefinido y te rechaza siempre.,Opini√≥n sobre Pr√©stamo Naranja ING
3,"3 estrellas: estamos satisfechas con el cambio, conseguiremos ahorrar unos 10.000 euros, que no nos vendran nada mal.",Opini√≥n sobre Subrogaci√≥n Hipoteca Naranja Variable
5,"Llevo con ing 8 a√±os, hipoteca y prestamos con ellos, sola y sin trabajo estable. Pienso que se gu√≠an en el historial del cliente y la capacidad de pago, no asumen riesgos, yo estoy muy contenta. üòä",Opini√≥n sobre Pr√©stamo Naranja ING
5,fantastica para aplazar pagos es mas barata que cualquier otra y si no me creeis solo teneis que mirar ofertas...,Opini√≥n sobre Visa Oro
4,me han dicho que domiciliando la nomina y esperando tres meses (cmo tengo buen sueldo) que ay me darian el prestamo al 4%,Opini√≥n sobre Pr√©stamo Naranja ING
1,"Subscribo lo que ponen porque me he encontrado en la misma situaci√≥n. Funcionarios con n√≥minas de m√°s 4000 euros piso de 300000 pido subrogaci√≥n, me marean durante un mes pidiendo documentaci√≥n que ya se hab√≠a enviado, al final sin dar explicaciones no viable. Es un mal banco, y no entiendo de donde sacan los fondos para mantenerse. No lo recomiendo para nada. Adem√°s ahora est√° en problemas econ√≥micos, no tardar√° en ser absorvico, cuidado con hacer tr√°mites con este banco, vida complicada.",Opini√≥n sobre ING
5,"Abierta en segundos y con las ventajas del plan amigo, Estaba esperando a que tuvieran Bizum apara abrirla y, ahora que lo tienen, todo genial",Opini√≥n sobre Cuenta N√ìMINA
1,"No contraten cuentas con ING, el d√≠a 12 de agosto env√≠an paquete de bienvenida, el cual no termino de recibir, despu√©s de llamar varias veces durante 3 semanas, me cuentan una cosa diferente, empezaron por decirme que el env√≠o se hizo por MRW, luego por correo ordinario, vamos lamentable y lo peor es que no puedo acceder a mi dinero, sin darme una soluci√≥n, no puedo comprar, ni sacar mi dinero. Les animo lo denuncien al banco espa√±a, si tienen alg√∫n problema como voy hacer yo.¬†",Opini√≥n sobre ING
1,"Ing me parecen unos ****, el banco no banco porque no cobrar√°n comisiones pero no se enteran de una. Cada vez que llamas a la central en Madrid te atiende una persona distinta contando un rollo distinto de cada vez. En mi caso que fue una hipoteca r√°pida despu√©s de marearme 4 meses no me la dan por algo que sab√≠an desde el principio y encima me descuentan la tasaci√≥n con toda su cara.. No los recomiendo a nadie",Opini√≥n sobre ING
1,"Ing tiene que cambiar de gestora, es la gestora m√°s **** que conozco, llevo desde el 30/06 intentando me den una moratoria de mi hipoteca, y tambi√©n estoy pidiendo mi tercer rescate de m√≠ plan de pensiones y les llamo para ver como estan y nunca encuentran mi documentaci√≥n, despu√©s de hab√©rselo enviado dos √≥ tres veces. Solo tengo que decir de ing, que en los momentos m√°s dif√≠ciles se olvidan de los clientes m√°s necesitados. Ojal√° sea el √∫nico. Muchas gracias por nada ING ****",Opini√≥n sobre ING
4,"Muy buena experiencia con ING a la hora de cambiarme, buena ayuda telef√≥nica, y el proceso 100% online sin problemas. Me gustar√≠a que hubiera mejoras en la web, pero bueno, habr√° que adaptarse, tambi√©n poder gestionar las cuentas favoritas donde har√°s tus transferencias r√°pidamente por la web sin tener que acceder por el apartado de Transferencias.",Opini√≥n sobre Cuenta N√ìMINA
1,"Necesite un tal√≥n bancario para la reserva de una casa , mi plazo era de 72 h y sino la perd√≠a !!!!pues fue absolutamente imposible que me respondieran en el plazo . Desde luego no lo recomiendo para nada , estoy indignada y cerrar√© mis dos cuentas n√≥minas .",Opini√≥n sobre ING
1,Realmente lamentable la profesionalidad de los asesores. Soy cliente desde hace m√°s de 15 a√±os y Con la hipoteca concedida y con miles de beneficios (seg√∫n ellos) solamente por burocracia y falta de comunicaci√≥n paralizan todos los tr√°mites. Nada recomendable para todo aquellos que necesiten un banco real y con atenci√≥n. Sirve √∫nicamente para ingresar la n√≥mina y dejar all√≠ el dinero.,Opini√≥n sobre ING
2,"Solicit√© una peque√±a hipoteca que me denegaron.  A la persona afectada y bajo la ley de protecci√≥n de datos, no te dan ninguna explicaci√≥n. En mi caso os digo que era una hipoteca m√≠nima, con un contrato indefinido en una empresa municipal para cancelar un pr√©stamo personal. Una cuota que no supera el 20 %ingresos. Pido informaci√≥n de la denegaci√≥n,salen con el tema de protecci√≥n T√∫ les das toda tu informaci√≥n personal y ellos , sin ninguna explicaci√≥n, no viable. FALTA DE TRANSPARENCIA TOTAL",Opini√≥n sobre ING
1,"Que no teng√°is que contactar en ninguna situaci√≥n por peque√±o q sea el problema, porque no s√≥lo no lo solucionan sino que lo empeoran, y luego se lavan las manos. Cuando ya no saben como justificarse ni asumir sus errores te dicen q rellenes un formulario de queja.  Ya hay m√°s bancos con las mismas prestaciones q la cuenta naranja .No lo recomiendo en absoluto.",Opini√≥n sobre ING
4,"Buenas tardes, Me gustaria poder comentar mi situaci√≥n. A primeros de agosto realice la solicitud en ing para una hipoteca mixta. A d√≠a de hoy e superado el estudio econ√≥mico y me encuentro en el estudio de la vivienda. La verdad que estoy bastande nerviosa, me han tasado la casa por un valor superior al precio de la compra, por lo que en ese sentido estoy tranquila pero no se si pueda llegar a salir algo mal.",Opini√≥n sobre Hipoteca Naranja Variable
1,...,Opini√≥n sobre Hipoteca Naranja Variable
1,Se te pide un m√≠nimo mensual de 700‚Ç¨ al mes cada mes que tienes la cuenta. Vamos...basicamente o trabajas o soltar 700‚Ç¨ cada mes lo veo un poquit√≠n dificil.,Opini√≥n sobre Cuenta Sin N√≥mina
1,"Me abr√≠ una cuenta n√≥mina con mi.pareja, a los tres meses nos congelaron la cuenta y las tarjetas sin preaviso, solicitando documentaci√≥n que corroborase el origen de nuestros fondos (n√≥mina), a las dos semanas de no obtener respuesta ni comunicaci√≥n, les llamo y me comunican que se ha rescindido mi contrato, sin aviso, sin explicaciones, sin notificaci√≥n previa. Una verg√ºenza",Opini√≥n sobre ING
4,Los √∫nicos que econ√≥micamente ve√≠an viabilidad a mi operaci√≥n.Los dem√°s bancos pareces que eres el enemigo por pedir financiaci√≥n en estos tiempos y sobretodo si es variable. El proceso es tedioso y parece que nunca acabe.Hay que llamar e insistir para forzar a que agilicen la gesti√≥n. Tuve problemas para meter los parkings puesto que pertenec√≠an a la misma finca registral . Al final tuve que sacarlos de la hipoteca. Pero aun as√≠ estoy contento por tener las condiciones de su hipoteca.,Opini√≥n sobre Hipoteca Naranja Variable
1,"Llevo con Ing desde que abrieron ped√≠ hipoteca muy bien ahora pr√©stamo  preconcebido pasan del 5,99 a9,99 por la cara 4 puntos y eso que lo publicitan para clientes al 3,99 6 puntos menos , empiezo a desconfiar de este banco.",Opini√≥n sobre Pr√©stamo Naranja ING
1,"Me tasaron una vivienda en 171.000‚Ç¨ , 70.000‚Ç¨ por debajo del valor de mercado . 15 dias despu√©s con otra tasadora 238.000‚Ç¨ . Es incre√≠ble el negocio que tienen montado tanto ING c√≥mo tinsa, la tasadora. 365‚Ç¨ al cubo de la basura. Cuando le pides explicaciones a ING de que por qu√© sali√≥ la tasaci√≥n as√≠ ,te dicen que ellos se fian plenamente de tinsa , que lo mismo la vivienda que est√°s mirando est√° muy por encima del valor de mercado. Incre√≠ble.. menuda **** .",Opini√≥n sobre Hipoteca Naranja Variable
1,Una perdida de tiempo despues de mandar 7 nominas 2 contratos la renta la vida laboral y 50 cosas mas y con un sueldo de 2000 euros me la deniegan por cuarta vez para una hipoteca de 250 euros no tienen ni educacion ni verguenza.,Opini√≥n sobre Hipoteca Naranja Variable
1,"Dan mejores opciones de hipoteca en otros bancos, es m√°s la propaganda que hacen que otra cosa.",Opini√≥n sobre Hipoteca Naranja Variable
1,"Muy mal, me ofrecen por tlf. Una cuenta sin gastos , le explico k en estos momentos no tengo trabajo y me aseguran k no hay problemas en tres ocaciones  , cuando voy a ingresar la tarjeta no se me activa,me acerco a la √∫nica oficina de mi isla y me dicen k tengo k aportar mi informes de trabajo y no s√©  ctas cosas m√°s,  cancel√©  las cuentas con ellos , Fatalllll",Opini√≥n sobre ING
3,"Pues con una n√≥mina de 1800 y unos gastos de 625 que notifiqu√©, me lo han denegado. Eso s√≠, despu√©s de perder una ma√±ana para llevar la solicitud que se tiraron 3 d√≠as antes online dici√©ndome que no era v√°lida sin dar explicaciones, hasta que me dicen que necesitan el original firmado. El trato en la ofi, correcto. Despu√©s me lo deniegan.  Me lo pod√≠an haber dicho online y me hubiera evitado p√©rdida de tiempo. Ahora, tengo una bonita vista de una cta. online de ING con 0,00‚Ç¨. La dar√© de baja.",Opini√≥n sobre Cuenta Sin N√≥mina
1,"es una verguenza,el siempre cubierto no sirve para nada.lo desconecta lo conecta,este mes si,este mes no,un desastre.",Opini√≥n sobre ING
3,"Muy buen Banco, hasta que se les ocurri√≥ utilizar la App obligatoriamente. Sus inform√°ticos no han estado a la altura del resto de Entidades. Ahora no saben como hacer funcionar la App con una e-sim  !!! cuando se va a que sea el futuro de la telefonia. Mis otros 3 bancos sin problemas, incluso puedes cambiar de m√≥vil gestionando por la web o la App, pero ING, adalid del e-banco, no tiene inform√°ticos capacitados: cambio de m√≥vil has de llamar y la e-sim no saben como hacerla funcionar. Una pena",Opini√≥n sobre ING
1,"acabo de ver en la web de ing que solo permite UN TITULAR y sin embargo en las condiciones indicais que permite dos titulares, por favor rectificar el error",Opini√≥n sobre Pr√©stamo Naranja ING
1,"No s√© por qu√© tiene tanto √©xito est√° hipoteca. Actualmente hay bancos que dan hipotecas tanto variables como fijas, con un tipo de inter√©s y un diferencial m√°s bajo y personalizadas en funci√≥n de la situaci√≥n de cada cliente.",Opini√≥n sobre Hipoteca Naranja Variable
1,"P√©simo servicio a la hora de pedir un prestamo / hipoteca. Los gestores no te solucionan nada, tardan m√°s de 20 minutos en coger el tel√©fono, luego nadie sabe nada, te pasan de un gestor a otro sin darte una soluci√≥n, nada serio para ser un banco...",Opini√≥n sobre ING
4,"Buenas tardes, nosotros firmamos hipoteca el 7 de agosto. Yo al empezar me asuste much√≠simo viendo todos los comentarios. La verdad es que todo muy bien y bastante r√°pido...  las √∫nicas pegas es que con la tasaci√≥n tardaron bastante mas de lo esperado y el departamento de atenci√≥n al cliente por desgracia deja mucho que desear. Nosotros hemos estado asesorados y ayudados por un agente de national netherlander y la verdad que todo genial. Supongo que es muy f√°cil solo poner la parte negativa",Opini√≥n sobre Hipoteca Naranja Variable
5,"Mi opini√≥n sobre ING es que son fantasticos.Hace cerca de 20 a√±os que estoy con ellos y nunca me han fallado.Cordiales, serviciales, atentos y te ofrecen grandes ventajas para ti",Opini√≥n sobre ING
1,"ING me tiene harto, he solicitado 2 veces la hipoteca 1 me la rechazaron porque no vieron la cantidad correcta en el certificado de retenciones, la 2a vez directamente sin mirar la documentaci√≥n rechazan, la hipoteca que solicito no llega ni al 30% de mi n√≥mina cuando recomiendan m√°ximo 35%. Es vergonzoso",Opini√≥n sobre ING
1,"****, todo el proceso prometiendo un 90% , cuando llega el momento de la tasaci√≥n, tasan un piso de 140 metros con un terraza de 20 metros a estrenar x 80000‚Ç¨ y nos piden el 80% por baja tasaci√≥n. Pues eso unos **** no os fieis",Opini√≥n sobre ING
5,"Soy clienta de ING desde hace a√±os,  y mi opini√≥n es muy favorable en todos los aspectos.",Opini√≥n sobre Cuenta Naranja
2,"Estaba contenta con ING, pero me insistieron para que comprara un  fondos indexado y ha sido un buen chasco. Tenia contratado el 30/70 y me llamo el asesor a finales de marzo cuando hab√≠a perdido una parte importante de la inversi√≥n. Le hice caso y lo pas√≥ al 10/90. A estas alturas llevo unos 10000 euros perdidos por su mal asesoramiento. Por tanto he dejado de estar satisfecha con ING.",Opini√≥n sobre ING
5,"Muy bien...lo √∫nico que ha tardado un poco el proceso. Hemos pedido una subrogaci√≥n m√°s novacion. Tasaci√≥n apropiada, tipo bajo, seguros m√°s baratos que nuestro banco anterior. Todo genial.",Opini√≥n sobre Hipoteca Naranja Variable
5,"De los bancos que conozco, el mejor por mucha diferencia. Han ido introduciendo algunas medidas que no me gustan pero comparativamente otros bancos como Bankia, BBVA o Santander son much√≠simo peor en todo.",Opini√≥n sobre ING
1,"Tremendamente vergonzoso,un cajero se queda con 900‚Ç¨ euros al ingresar y llevo 5 dias esperando para poder comprar comida y pa√±ales para mi hija y tengo que recurrir a un familiar porque no me lo solucionan en un plazo coherente. Me ingresan dinero de una pensi√≥n y aun teniendo recibos de otras entidades lo usan para cobrarse parte de la hipoteca de ellos.nada recomendable despu√©s de esta experiencia en la que se ve claramente que no le importan sus clientes. La atencion un 0",Opini√≥n sobre ING
1,"Hace una semana fui hacer un ingreso en un cajero de alicante. Iv√°n ah ser 1200‚Ç¨ me devolvi√≥ 900‚Ç¨ y me echo la tarjeta , osea se qued√≥ con 300‚Ç¨, y as√≠ llevo reclamando diariamente. Acudiendo al banco, llamando hablando con el chat , y me dicen que est√°n trabajando en ello. Muy decepcionado pensaba que era buen banco pero como todo banco,al final , ala hora de verdad el cliente se queda solo, osea solo espero recuperarlos alg√∫n d√≠a, y bye ah ING.",Opini√≥n sobre ING
2,"He pedido varios pr√©stamos a lo largo de a√±os y ha sido fant√°stico en cuanto a rapidez y tipos de inter√©s. He llegado a tener tres pr√©stamos simult√°neos con ING y pagando hipoteca. Ahora no tengo ning√∫n pr√©stamo, ni hipoteca y con una n√≥mina domiciliada alta, pido un pr√©stamo de 6.000 euros por un tema puntual a devolver unos 200 euros mensuales y me lo deniegan diciendo que la concesi√≥n no es viable. SORPRENDENTE. Si me ocurre otra vez me plantear√© retirar todos los productos que tengo con ING.",Opini√≥n sobre Pr√©stamo Naranja ING
1,Muy decepcionada ..mando documentacion e nin lo miran e deniegan ..,Opini√≥n sobre Cuenta Naranja
5,Bien,Opini√≥n sobre Cuenta Sin N√≥mina
1,"Muy mala experiencia. Solicitamos estudio de subrogaci√≥n de hipoteca en mayo y en agosto todav√≠a esperamos respuesta porque nos reclaman documentaci√≥n que hemos enviado en m√∫ltiples ocasiones y a trav√©s de diferentes medios (mail, whatsapp, web...). Desatenci√≥n al cliente total, ya que nadie nos informaba de absolutamente nada; siempre hemos tenido que llamar nosotros para preguntar c√≥mo iba la gesti√≥n. MUY POCO RECOMENDABLE.",Opini√≥n sobre ING
5,"S√∫per sencillo y s√∫per r√°pido, a un tipo de inter√©s literalmente sin competencia. Son los mejores, no hay nada m√°s que decir.",Opini√≥n sobre Pr√©stamo Naranja ING
1,"un ****, tengo hace muchos a√±os mi n√≥mina con ellos (muy respetable por cierto), siempre he pagado mis cuotas de pr√©stamo, ahora llevo unos meses con un apuro y solo me han concendido el adelanto 2 meses (devuelto antes de fin de mes)..no entiendo los criterios que siguen pero me voy a otro banco",Opini√≥n sobre Anticipo de N√≥mina de ING
1,"****: SIEMPRE CUBIERTO: PRODUCTO **** La √∫nica vez que he usado el siempre cubierto ha sido en Julio/20, y me encuentro que antes de que pasen 20 d√≠as y no habiendo usado 190‚Ç¨ de los 260‚Ç¨ del ""dichoso siempre cubierto"" me: -Bloquean Tarjetas sin avisar, quedando inhabilitado para gestionar pagos en incluso ingresar dinero. Sin haber llegado al l√≠mite ni a los 20 d√≠as naturales del uso de dicho importe. -Te llaman 20 veces al d√≠a (No exagero), para que ingreses, como si fuera uno un ****",Opini√≥n sobre ING
5,Mi proceso con Ing Direct a durado un mes y super bien todo. Te tasan el piso y despu√©s te lo aprueban sin ning√∫n problema. La gestoria super eflicaz y sin ning√∫n problema todo super r√°pido. No entiendo tanta negatividad sobre ellos en esta pagina.,Opini√≥n sobre Hipoteca Naranja Variable
4,"Para mi, el banco perfecto. S√≥lo hab√≠a una cosa que me fastidiaba y ya lo tenemos... El bizum.",Opini√≥n sobre ING
1,"Son unos ****, me han pedido que les entregue mi declaraci√≥n de la renta porque dicen que as√≠ se lo exige la ley de blanqueo de capitales, como me he negado me han retenido la transferencia de mi pensi√≥n de jubilaci√≥n; lo dicho unos ****",Opini√≥n sobre ING
1,"P√©sima, la app de ING es casi imposible que cargue en el m√≥vil. con la seguridad en dos pasos hay operaciones que tienes que hacer y para confirmarlas tienes que esperar una respuesta del m√≥vil o completar la operaci√≥n con la app que no se carga, P√©simo mi nota es claramente un cero",Opini√≥n sobre ING
5,"Para m√≠ una de las mejores cuentas que uno puede tener. F√°cil, sencillo y sin letra peque√±a. Casualmente me la hice hace 4 a√±os en la entrada de Carrefour y lo mejor que hice. He sacado hasta un pr√©stamos a un tipo de inter√©s 5,95 con solo darle un click en la app. En cuanto pueda pasar√© la hipoteca a ING porque hay mucha diferencia con mi banco que es Caja Rural.",Opini√≥n sobre Cuenta Sin N√≥mina
1,"Me parece vergonzoso, como, pueden dejar tirado a un cliente, que tiene las ventajas de anticipo de n√≥mina y siempre cubierto, y sin previo aviso, le despojen de dichas ventajas y te encuentres tirado, m√°s de 20 d√≠as sin dinero.",Opini√≥n sobre ING
5,Los mejores con diferencia. Todo claro y transparente y sin ninguna comisi√≥n en m√°s de los 15 a√±os que hace que soy clienta.,Opini√≥n sobre Cuenta N√ìMINA
5,"Nosotros estamos encantados, con la gesti√≥n de ING, con nuestras gestoras Vanesa (ING)y M√≠riam (Indra) Hipoteca concedida en un mes y la firma de la misma el pasado d√≠a 24 de Julio. Dos meses en total ha durado la operaci√≥n.",Opini√≥n sobre Hipoteca Naranja Variable
1,No perd√°is el tiempo con esta clase de ****. Me tasaron una vivienda 70.000‚Ç¨ por debajo del valor de compra. 365‚Ç¨ que vale la tasaci√≥n perdidos. Menuda **** .,Opini√≥n sobre Hipoteca Naranja Variable
1,"Me ha pasado exactamente lo mismo que a una de las personas que dan una opini√≥n reciente. Sin motivo o aclaraci√≥n alguna me han bloqueado cuenta, app, tarjetas y todos los servicios. No pueden ni ingresarme la n√≥mina mensual en la cuenta. Han pasado m√°s de diez d√≠as y sigo esperando que se dignen a contactarme o decirme algo. Lamentable la gesti√≥n que est√°n haciendo al respecto. Tendr√© que escalar una queja al Banco de Espa√±a.",Opini√≥n sobre ING
1,"Como dicen muchos usuarios, porque no puedo poner menos estrellas. Despu√©s de casi un mes mandando documentaci√≥n, tardando la misma vida en revisarla, vemos hoy que nos la deniegan, sin ning√∫n tipo de explicaci√≥n. Muy depecpcionados y desde luego no la recomendamos. La gestora asignada, no ayuda para nada. Hablar con ella y un contestador es lo mismo.",Opini√≥n sobre Hipoteca Naranja Variable
1,LLevo con ING m√°s de 15 a√±os. Desde hace m√°s de un mes me han bloqueado la cuenta com√∫n y no puedo operar ni sacar el dinero. Me est√°n devolviendo los recibos domiciliados. He reclamado frente al Banco de Espa√±a.,Opini√≥n sobre Cuenta N√ìMINA
1,"Decepci√≥n total. 3 semanas llevan ya con toda la documentaci√≥n y todav√≠a no han terminado el estudio previo. A este ritmo y con la tasaci√≥n todav√≠a de por medio (sin empezar) igual nos dicen algo para 2021... La comunicaci√≥n con el gestor va con cuentagotas, desesperante!",Opini√≥n sobre Hipoteca Naranja Variable
1,"Una decepci√≥n, abr√≠ con mi mujer una cuenta hace 7 a√±os en la que metimos nuestros ahorros. Luego metimos las n√≥minas, nada despreciables, hace dos a√±os pedimos una hipoteca e ing nos la deneg√≥, menos mal que ten√≠amos otra cuenta en otra entidad y nos la concedi√≥ sin ning√∫n problema. Ahora voy a intentar entrar en mi cuenta, que no he cancelado por algunos recibos domiciliados, y me encuentro que tengo que descargarme la app en el m√≥vil para poder entrar en mi cuenta, de juzgado de guardia",Opini√≥n sobre ING
1,"Me bloquean las cuentas y tarjetas, porque no tienen la vida laboral de mi mujer, que apenas tiene algun peque√±o contrato hace mas de 41 a√±os. Se lo escribo, les digo que estoy de vacaciones, y solo puedo conseguirlo mediante cita en las oficinas de la Seguridad Social.  Nada. Cuenta bloqueada para ingresos,  pero no para cobrar recibos domiciliados. Dejo ING, frustrado y enga√±ado, tras llevar m√°s de 25 a√±os con ellos, y tener varios productos adem√°s de las cuentas.",Opini√≥n sobre ING
1,"Te faltan al respeto los gestores, estan verdes en informaci√≥n, te tienen esperando al tlf mucho tiempo. El departamento de calidad no sirve para nada. No tienen una direcci√≥n de email para canalizar quejas y reclamaciones, una verguenza de banco. Si consigues hablar con un gestor y abres una incidencia despu√©s no te resuelven nada pero dicen que la incidencia est√† resuelta . No aconsejo este banco a nadie.",Opini√≥n sobre ING
4,"En mi caso, al ver tanto comentario negativo, me asuste. Pero decid√≠ intentarlo. La experiencia ha sido que cuesta un poco, 2 meses y medio desde que present√© la solicitud hasta la firma, que ha sido hoy.Hay que estar muy atento, e ir mirando en la web, cuando vas avanzando cada paso, para poder presentar la documentaci√≥n lo antes posible. He hecho una subrogaci√≥n + novaci√≥n.Pueden tirarla para atr√°s incluso despu√©s de tasar, que es cuando hacen el estudio de vivienda.Al final, contento.",Opini√≥n sobre Hipoteca Naranja Variable
1,"Siempre que llamas, o se ha ca√≠do el sistema y no pueden mirar tus datos en ese momento, o despu√©s de esperar m√°s de 5 minutos de repente se corta la llamada. La comunicaci√≥n con sus clientes es nula o muy mala, no lo recomiendo.",Opini√≥n sobre ING
5,"El viernes firmamos nuestra hipoteca con ING y pese a que nos pidieron varias veces la documentaci√≥n econ√≥mica, no tenemos queja ninguna, todo ha sido muy √°gil, siempre que hemos llamado nos han atendido muy amable y nos han resuelto todo lo que hemos necesitado.",Opini√≥n sobre ING
1,"Porque no puedo darle menos estrellas, ten√≠a la hipoteca concedida y despu√©s de que pido una ayuda al gobierno como aut√≥nomo me dicen que no es viable, cuando no he dejado de trabajar. Incre√≠ble. Todos los comentarios que leo son mal√≠simas experiencias. No lo recomiendo para nada. As√≠ les va de mal.",Opini√≥n sobre Hipoteca Naranja Variable
2,"De acuerdo que es un banco que no cobra apenas comisiones por servicios, pero la p√°gina web es muy mala, cuesta mucho contactar por tel√©fono y el personal que te atiende nos siempre resuelve tus dudas por falta de formaci√≥n.En cuanto a la aplicaci√≥n del m√≥vil, no existe opci√≥n o bot√≥n donde dar para desconectarse o salir del a√©rea de clientes. La verdad, llevo a√±os pero estoy pensando en cambiar mis cuentas a otro banco mas eficaz ya que tampoco ahora mismo tienen ninguna ventaja adicional.",Opini√≥n sobre ING
1,"Es una verg√ºenza que hagan su trabajo mal, despu√©s de concederte moratoria por ERTE, luego te mandan mensajes amenazantes que si no das un mont√≥n de informaci√≥n personal que no te pidieron al inicio, pueden emprender acciones como cobrarte todo de golpe, o te cortan la tarjeta de cr√©dito como es mi caso y luego les llamas 3 d√≠as seguidos y tienen un fallo en el sistema,, que seguro es un ataque de hackers?!! y no te pueden atender o te tienen 15 mn en espera y nadie contesta... mal servicio",Opini√≥n sobre ING
1,"Horrible, el tiempo de espera para poder hablar es de minimo 30 minutos, luego no te solucionan nada porque no localizan a tu gestor. No lo recomiendo para la solicitud de una hipoteca. Lo solucionan todo abriendo incidencias que  no sirven. Al final te quedas sin casa por su culpa.",Opini√≥n sobre ING
4,Esto muy satisfecho con ING...de momento.,Opini√≥n sobre Oficina 0027 en Madrid
1,"M√°s de 10 a√±os como cliente, 4500 euros ingresos mensuales, el TIN sale por encima del 10% no el 3.99 como promocionan en la web",Opini√≥n sobre Pr√©stamo Naranja ING
5,3 a√±os con ellos y ni una queja.Incluso a la hora de sacar la hipoteca fueron los que menos requisitos exigieron.Recomendable  100%,Opini√≥n sobre Cuenta Sin N√≥mina
1,"Un DESASTRE todo... el estudio de hipoteca se ha demorado una eternidad me lo han dado al MES, he tenido que cambiar de asesor porque la primera no sub√≠a la informaci√≥n al sistema, al final la he tenido que subir yo misma desde mi portal, para poder hablar con alguien he tenido que esperar m√°s de UNA HORA, la verdad es LAMENTABLE P√âSIMO SERVICIO P√âSIMA ATENCI√ìN.",Opini√≥n sobre ING
5,"Nosotros firmaremos el d√≠a 28 de julio de 2020. Por ahora todo perfecto. Igual que otras personas que han comentado, me asuste al ver comentarios tan tan negativos pero mi experiencia es totalmente contraria y muy positiva.",Opini√≥n sobre Hipoteca Naranja Variable
1,No les doy un cero porque no se puede. No esperes que te atiendan al telefono en menos de 30 minutos de espera. De hecho ahora mismo llevo literalmente 1 hora y 18 minutos esperando a que alguien me atienda. Realmente lamentable teniendo en cuenta la importancia de los temas por los que habitualmente llamas a un banco.,Opini√≥n sobre ING
1,"En la oficina de ING de Bilbao , en Mazarredo, la se√±orita que esta en la mesa de la entrada, es bastante antipatica , no es nada amable con la gente, no explica nada como son las cuentas de Ing y si le preguntaz algi  ni te contesta. Esta tarde hemos estado para hacer uns cuenta y al salir creo que sabia menos qye al entrar...un dasatre, espero no volver a coincidir con ella , parece que todos le molestamos..",Opini√≥n sobre ING
5,Me encanta este Banco! No te cobran comisiones como otros! La app funciona muy bien no entiendo porque dicen que no y siempre ves tu saldo en el momento! Bravo ING y por muchos a√±os m√°s! üëèüèª,Opini√≥n sobre ING
1,No es cierto lo que dice la web. Dice dentro de los requisitos que no debo domiciliar mi nomina y ni recibos y acabo de llamar al banco y dicen que debo domiciliar la nomina y ademas debo de tener ingresos de 700 euros como minimo y ademas debo esperar 3 meses.,Opini√≥n sobre Visa Oro
5,"Buenas !! Yo firmar√© el d√≠a 27 con ING la hipoteca , la primera vez me hecharon para atr√°s en estudio porque mi pareja no era fija , ahora la volvimos a solicitar porque ya es fijo y la tenemos concedida el 27 firmamos y por el momento muy contentos y todo perfecto , le√≠ opiniones que me asustaron pero cada caso es un mundo , ya dir√© c√≥mo acaba todo pero puedo decir que un 10 de momento",Opini√≥n sobre Hipoteca Naranja Variable
1,"Por favor se√±ores de ING, Bizum ya",Opini√≥n sobre ING
1,"Enlazan la cuenta con la cuenta de ahorro, con transferencias instant√°neas gratuitas, la cuesti√≥n es que cuando te quedas sin dinero en la cuenta n√≥mina y quieres inyectarle de la de ahorro la aplicaci√≥n est√° en mantenimiento, est√° en mantenimiento una vez por semana y suele ser el viernes o s√°bado de 22 a 2 am o algo as√≠ por lo que te quedas con cara de **** sin poder pagar. Para m√°s inri ayer se cay√≥ el sistema y no funcionaba mi tarjeta ni el applepay, 40 min esperando y si llamas te cuelgan",Opini√≥n sobre ING
4,Prefecto,Opini√≥n sobre Cuenta Sin N√≥mina
1,"****! Tras m√°s de mes y medio para que procesen la informaci√≥n, enviada por 3 v√≠as distintas y en varias ocasiones, hipoteca preconcedida. Tasaci√≥n externa, por no fiarnos de ellos y no correr riesgos. Tasaci√≥n Ok, m√°s de 1 mes en procesarla. Cada documento que env√≠as 3 d√≠as para que les llegue, llamas y ponen incidencias...otros 3 d√≠a.Cada vez que llamas, tu gestor est√° ocupado Entramos en pandemia...entro en ERTE 1 mes y vuelvo a mi trabajo, lo demuestro con n√≥minas, hipoteca no viable.",Opini√≥n sobre Hipoteca Naranja Variable
5,Me pir√© corriendo de las comisiones de Abanca y muy contento la vedad. El cambio es enorme.,Opini√≥n sobre Cuenta N√ìMINA
1,"Me han robado literalmente, me llamaron insistentemente para que hiciera un plan de pensiones y un fondo lo contrate, ingrese el dinero, y me han bloqueado la cuenta, y ni fondo, ni plan ni puedo sacar el dinero...as√≠ llevo llam√°ndoles 10 d√≠as y lo que me espera...voy a denunciarles",Opini√≥n sobre ING
1,Rescate plan pensiones retraso de 9 d√≠as en abon√°rmelo despu√©s de esperar diez d√≠as de plazo (07/07/2020) Seguimos esperando. Quiero mi dinero ****,Opini√≥n sobre ING
2,"El proceso de hipoteca fue torpe y muy lento, para al final preparando la firma ante notario decirnos que sin la ITE en Catalu√±a no dan hipoteca.",Opini√≥n sobre ING
4,Buena opci√≥n si ni quieres pagar comisiones,Opini√≥n sobre ING
1,"****!!!!!!!!!! üò† me abr√≠ una cuenta hace un mes, llam√© para verificar que estuviera correctamente y me dijeron que si, que ning√∫n problema, hace dos d√≠as he intentado recibir un ingreso que sigo esperando, llamo para preguntar cu√°l es el problema y me dicen que no aparezco en su sistema, hola?????? No os abr√°is nunca una cuenta en esta entidad, ****, y encima se lavan las manos y te cuelgan, servicio p√©simo!!!!!!!!",Opini√≥n sobre ING
1,"Banca de mercadillo de barrio para clientes low cost.Que la app funcione bien, que te hablen verdaderos profesionales, que cu√°ndo tengas un problema te lo resuelvan... Eso vale dinero y te lo Dan otros bancos.Hace 5 a√±os que saqu√© mi dinero y cada vez m√°s contento de hacerlo.",Opini√≥n sobre ING
1,Una verg√ºenza este banco. Tienen mi cuenta y todas mis tarjetas bloqueadas desde hace m√°s de 48h por posible fraude. Enseguida segu√≠ los pasos que me indicaron del protocolo de seguridad y desde hace m√°s de 48h estoy a la espera que un departamento revise la incidencia y d√© el visto bueno para acceder a mi dinero otra vez. Un tiempo totalmente exagerado ya que solo tienen que hacer una comprobaci√≥n.Y durante todo este tiempo NO puedo acceder a mi dinero. Esto es una verg√ºenza total.,Opini√≥n sobre ING
1,Divide las ordenes de compra en varias operaciones de modo que en una misma operacion me han llegado a cobrar 5 comisiones. Lo hace incluso con las blue chips del ibex. No la recomiendo para nada,Opini√≥n sobre Broker Naranja
1,"Me devolvieron el ingreso de la nomina porque les faltaba firma del albar√°n del mensajero q trae la tarjeta. 3 d√≠as al tel√©fono:un gestor dice q tarda 72 horas, otro dice q son 5 d√≠as, otro q haga solicitud, luego que no se puede. No hay ninguna base, ya que me presente en una oficina para abrir la cuenta,podr√≠an coger esta firma. Hab√≠an recibido ya un ingreso de la paga extra previamente. Tengo las tarjetas activadas. Los gestores te ponen a la espera y no salen de lo estipulado.",Opini√≥n sobre ING
1,"Cada d√≠a peor. Soy cliente desde hace a√±os, pero lo que ya me preocupa y mucho es que metan la pata y no quieran asumir la responsabilidad. El fondo de inversi√≥n no renta nada en a√±os, no me abonan el recate despu√©s de un mes, .....sigo.? Hoy no ofrecen nada y tienen un pesimo servicio. No entiendo los comentarios 5*, deben ser los que se escriben ellos mismo. Procedo a darme de baja, al igual que otras personas que ya han trasladado sus ahorros a otros bancos por miedo a lo que puedan hacer",Opini√≥n sobre ING
3,No es mala opcion para cambiar de banco... yo estaba pagando mas antes,Opini√≥n sobre Subrogaci√≥n Hipoteca Naranja Variable
1,"Vengo de cubrir hoja de reclamaciones y en cuanto cambie las domiciliaciones cancelar√© mis cuentas, sin prejuicio q reclame por los da√±os que me van ocasionar por su incompetencia tanto en la oficina de A Coru√±a como en la de Madrid. Incapaces de enviar en 20 d√≠as los movimientos de una cuenta negocios que ellos mismos decidieron cancelar. La banca online resulta que ahora funciona solo por correo ordinario, no son capaces ni de enviar un mail. Banca obsoleta para estos tiempos",Opini√≥n sobre ING
1,Los comerciales no se enteran de lo que venden. Un banco que tuvo ventajas pero ahora mismo no ofrece nada que no tengan otros.,Opini√≥n sobre Cuenta N√ìMINA
1,"Tengo a medias la tramitaci√≥n de una hipoteca y no hay forma de contactar con ellos. Es p√©sima la atenci√≥n que tienen, mucha publicidad pero nada que ver con la realidad. Una l√°stima.",Opini√≥n sobre ING
1,"Este banco funcionaba muy bien antes. Ahora es una aut√©ntica ****. Las grabaciones no se oyen, despu√©s de oir toda la publicidad y poner todos los datos que te piden te dicen que te van a pasar con un ajente y se corta. la app no funciona y si lo intentas por internet te reenv√≠a a la app y se√±ores enterense no funciona. siempre sale un Ups... ha ocurrido un problema. Que verguenza de banco",Opini√≥n sobre ING
1,"De capa caida, van a peor, obligan a usar unha aplicacion que va fatal, nunca sabes el dinero del que dispones, para hacer un paga siempre con errore, nunca lo actualizan. Eso si los comerciales que rondan los foro chapeau.",Opini√≥n sobre ING
5,"ING. hoy es el mejor Banco en mi opinion en toda regla, sin comisiones por transferencias y fuera de la Union Europea el retiro de dinero en cajeros 2 euros de momento.",Opini√≥n sobre Cuenta N√ìMINA
1,"Despues de casi 20 a√±os de cliente y ademas vendiendo el articulo a los de alrededor, el 5/6/20 me bloquean de todas mis cuentas y las de mis hijos y a dia de hoy sigo igual. Desesperante atencion nula, ninguna informacion, unilateralmente me han cancelado las cuentas, el ingreso de  la nomina me lo deniegan, les cuento esto para que sepan lo serio que puede ser tener un supuesto problema con este banco porque a dia de hoy no se han puesto en contacto conmigo para explicarse. NEFASTO INDEFENSION",Opini√≥n sobre ING
1,"Fatal, muy decepcionada, ING no protege tu dinero en caso de fraude con la tarjeta. Dicen que s√≠, pero a la hora de la verdad empiezan a marear y buscar cualquier excusa.... llevamos un mes intentando solucionarlo con ellos. NO PROTEGEN a sus clientes, me siento sola en este proceso, ING es una decepci√≥n.",Opini√≥n sobre ING
1,"Cada vez van a peor, llevo toda la tarde intentando hablar con ellos y es imposible, antes no pasaba. Llevo 15 a√±os con ellos y me estoy planteando dejarlos. Si estas pensado ser clientes de ellos... qu√≠tatelo de la cabeza,",Opini√≥n sobre ING
1,Te tratan a banquetazos.,Opini√≥n sobre Hipoteca Naranja Variable
1,Ni se os ocurra meteros en este banco son mentirosos un desastre vamos si hay un banco peor es este,Opini√≥n sobre ING
1,T√©cnicas aparentemente legales de ****. 15 euros por una llamada al 11828 de 5 minutos que me han terminado por colgar. Falta de √©tica y falta de todo.,Opini√≥n sobre ING
1,"....despu√©s de muchos intentos de tratar de operar con mi cuenta sin conseguirlo,me encuentro con la simple respuesta de que ing no sabe que pasa con mi app.y por lo tanto no salgo de mi asombro (no se que hacer).",Opini√≥n sobre ING
3,"Soy cliente de ING desde marzo del a√±o 2.000. Mas de 20 a√±os. Muy satisfecho de todos sus servicios, cuentas ahorro, fondos de inversi√≥n, hipoteca naranja. Todos .... excepto dos. Si te hacen un cargo indebido en tu cuenta de credito o de debito est√†s perdido. Te dejan colgado y parecen estar mas al servicio del **** que al tuyo. El otro servicio que da pena es el de respuesta a los correos elect√≥nicos. Son reacios a darte una direci√≥n mail pero cuando te la dan no te responde nadie !!!",Opini√≥n sobre ING
2,Nefasta gesti√≥n √∫ltimamente  cobros no reconocidos 55 minutos de espera al tel√©fono y no atienden,Opini√≥n sobre ING
1,Ni te lo plantees!,Opini√≥n sobre Hipoteca Naranja Variable
5,"Cliente desde hace m√°s de 10 a√±os, nunca he estado tan contento con un banco y he pasado por unos cu√°ntos, alg√∫n problema con la App a veces pero siempre se han solucionado eficazmente en plazos razonables, buena rentabilidad que en su momento obtuve con cuenta naranja y dep√≥sitos, ahora supliendola con productos de inversi√≥n que no es lo ideal pero en otros bancos tampoco ofrecen mejores alternativas y lo m√°s importante 100% sin comisiones, desde luego para m√≠ son un buen banco",Opini√≥n sobre ING
1,"Porqu√© no puedo poner menos 5 estrellas. Mirad, de aprovechan de la necesidad y no vale la pena. La vida es breve y ellos una **** naranja. Tres semanas y a√∫n no estaban subidos los documentos que mand√© por varios medios de comunicaci√≥n (web, mail, whatss) Entre Vodafone, Movistar y ellos no hay diferencia a la hora de comunicarte. Mejor vivir de alquiler a sufrirlos.",Opini√≥n sobre Hipoteca Naranja Variable
1,"Lamentable, tienes que hacer una consulta a broker naranja y el tiempo de espera es interminable y cuando por fin te atienden va la se√±orita y te cuelga. Gracias muy amable.",Opini√≥n sobre ING
1,"Hola buenas tardes. En primer lugar, me parece lamentable e insuficiente el servicio telefonico que ofrece Broker ING. Siglo XXI y en plena Pandemia no tiene otra via de contacto a excepcion de la Telefonica.La cual es horrible y pesada por que llevo tres llamadas y la ultima (aun en curso) llevo mas de 45min esperando con una horrible y monotona musica sin respuesta de nadie f√≠sico y todo para una simple y breve consulta que devo de resolverla en breve.",Opini√≥n sobre ING
1,"Buenas tardes,!!!!! Es una **** de banco, tenia siempre cubierto hasta 400‚Ç¨,ellos me cargan 4‚Ç¨ de comisi√≥n, hace 2 meses que quitan el siempre cubierto. Llamas y te dan unas explicaciones de ****. Adem√°s uno te dice una cosa otros te dan explicaci√≥n diferentes. Eso s√≠ ofrecerte productos como cambiar tu plan de pensiones si que te lo proponen. Son la basura m√°s grande que hay en banco, no solucionan nada y ayudar ni lo pienses. Me dicen que estoy en asnef y son mentiras, documentos que no.",Opini√≥n sobre Cuenta N√ìMINA
1,"Ped√≠ recuperar el plan de pensiones - que me colaron en su d√≠a y **** de m√≠ acept√©- y aprovecharon para bloquearme la cuenta alegando que el documento de identidad estaba en mal estado, lo cual me supuso un quebradero de cabeza y tener que ir a comisar√≠a a contarles el rollo para poder hacer un duplicado, soluciono eso y ahora me resulta imposible hablar con un gestor porque me tienen 1 hora esperando en el tel√©fono y no me contesta nunca nadie. Son unos **** de tomo y lomo.",Opini√≥n sobre ING
1,"Tienen gestores que te atienden muy bien, hay otros como un tal **** que perder√°n muchos clientes con su actitud nada profesional.",Opini√≥n sobre ING
1,"Banco de ***** , si la operativa con ellos es b√°sica todo genial, eso si , como algo sea un poco mas complejo o alejado de los 4 productos que tienen ya olv√≠date , no valen para ser primer banco , no ser√°n nunca una referencia",Opini√≥n sobre ING
1,"Una ****. En el estudio economico previo estaba preconcedida, mandan al tasador y posteriormente deniegan hipoteca por aparecer en Cirbe por error de otro banco y no solo no aceptan certificado del otro banco con el tema resuelto sino que hasta dentro de 6 meses no me dejan solicitarla de nuevo...Eso si los gastos de tasaci√≥n te los cobran al momento y a√∫n no tengo MI informe de tasaci√≥n.",Opini√≥n sobre Hipoteca Naranja Variable
1,5 a√±os con ellos... n√≥minas de 2100 euros m√≠nimo.. llega el estado de alarma.. intento comunicar con ellos que mi situaci√≥n econ√≥mica va a sufrir variaciones estos 2 meses.. pido negociar un aplazamiento de 2 meses de un importe de 600 euros. Llevo 7 llamadas... llevo 7 veces explicando la situaci√≥n... la primera de ellas 10 d√≠as antes de que sucediera... llega el momento.. se produce el descubierto... m√°s llamadas ... y su contestaci√≥n... se pondr√°n en contacto conmigo.. nada de nada,Opini√≥n sobre ING
1,NO contestan a las moratorias ****,Opini√≥n sobre Pr√©stamo Naranja ING
1,"Llevo much√≠simos a√±os con ellos y bien. Pero a ra√≠z de La crises del covid , les pedi flexibilizar los pagos de un pr√©stamo personal y han estado pasando de m√≠ , con ya te llamaremos y tal.. total despu√©s de meses, nada de ayudarme con mi situaci√≥n ..se han desentendido totalmente , cosa que otros bancos han ayudado bastante a sus clientes .. estos NADA .. claro q en cuanto pueda m voy a otro banco que ya me hizo propuesta para llevarme la hipoteca y dem√°s con mejores condiciones. decepcionado!",Opini√≥n sobre ING
1,"Servicio p√©simo. La gestora personal no se enteraba de nada. Los estados de la hipoteca avanzaban y retroced√≠an varias veces. La gestor√≠a lamentable. Dec√≠an que estaban saturados, malas respuestas y 1 mes para gestionar la documentaci√≥n. Muchos problemas. No vale la pena contratar la hipoteca con ellos. Seguro de vida muy caro comparado con otros bancos.",Opini√≥n sobre Hipoteca Naranja Variable
3,"Llevo con ING 5 a√±os, su atenci√≥n siempre ha sido buena; pero si necesitas los servicios de su Gestor√≠a (Grupo BC)  lo llevas mal: atenci√≥n nefasta. Qu√© pena!",Opini√≥n sobre ING
1,"Es un banco para cuando se tiene dinero. En caso que precises de ellos vas arreglado. Sobre todo sus agentes, parecen escogidos por su falta de empat√≠a, su prepotencia y desconocimiento sobre las cuestiones que se les plantea. Deseando poder dejar de ser su cliente.",Opini√≥n sobre ING
1,Poco cresito en tarjetas....altos intereses en prestamos y lo peor....hipotecas muy limitadas al 80% y poco margenn para negociar con los agentes que te atienden....comisiones y tarjeta gratis...,Opini√≥n sobre ING
5,"muy contenta con la tarjeta, es gratis y tiene lo basico que para mi va perfecto . si tuviese que ponerle una pega seria que le falta bizum",Opini√≥n sobre Visa D√©bito ING
1,"Ing no ayuda en los peores momentos pedi un prestamo personal de 3000 euros hace poco para pagar hacienda y cancelar con ellos mismos un cr√©dito y me dicen que no es viable, llevo a√±os ya con ellos pero si me dejan en la estacada cuando mas necesito un microcr√©dito para salir aflote, los bancos estan para ganar dinero, no para apoyar",Opini√≥n sobre ING
1,"Llevo 4 dias intentando comunicarme con ING por un cargo no reconocido en mi tarjeta. Es imposible contactar y que te cojan el tl!!!! llevo en cada llamada mas de 3h en espera, y he desistido!!! Pondr√© una denuncia ante la oficina del consumidor.",Opini√≥n sobre ING
5,Necesito sacar una cuenta para llevar mi nomina es posible??,Opini√≥n sobre Cuenta Sin N√≥mina
1,"De pena,te venden la cuenta nomina que te dan terjeta de debito,credito,un prestamo cuando quieras y luego como tengas una tarjeta impagada no te den nada,eso es ayudar,llevo un mes y me voy a cambiar a mi antiguo banco que al menos tenia contacto personal,adiosssssss cuanta naranja",Opini√≥n sobre Cuenta N√ìMINA
4,Atention de cliente fatal y bastante inutil.,Opini√≥n sobre ING
1,"Llevo con ING desde que empezaron en Espa√±a. Su servicio ha ido de mal en peor. Ahora estoy mirando con otros bancos para subrogar la hipoteca, ya que hay bancos que te mejoran las condiciones y se hacen cargo de los gastos ocasionados. As√≠ que me queda poco de padecer su incompetencia. Otro punto negativo es que es un banco Holand√©s y toca hacer patria tras la postura de Holanda a las ayudas por parte de Europa a los pa√≠ses que m√°s estamos sufriendo las consecuencias del covid-19.",Opini√≥n sobre ING
1,"Eran los mejores, pero ya no lo son. No con un sistema que raro es el mes que no te deja sin servicio un tiempo. Me tienen atado pero cuando pueda mirar√© para ver si otro banco me ofrece unas condiciones similares par ami hipoteca y dejarles de una vez.",Opini√≥n sobre ING
1,P√©simo servicio. Tarjeta deja de funcionar. Bloquean vinculaci√≥n a paypal sin que yo lo haya solicitado. Llamo a tel√©fono de no atenci√≥n **** 47 minutos de ESPERA y sigue... ****,Opini√≥n sobre ING
5,"Genial con ING, no hay comisiones ni en trasferencias,Me han adelantado el pago del ERTE, bien!!!La atenci√≥n por tel√©fono inmejorable,Ped√≠ un pr√©stamo en la calle mientras paseaba e inmediato,Gracias ING",Opini√≥n sobre ING
1,han empeorado bastante el servicio y la atenci√≥n al cliente,Opini√≥n sobre Cuenta N√ìMINA
